SiteNumber, SiteName, SiteCategory, SiteAgency, SiteLongitude, SiteLatitude, SiteNWISURL
"02110400","BUCK CREEK NEAR LONGS, SC","ST","USGS",-78.71973988,33.95350500,"https://waterdata.usgs.gov/nwis/inventory?agency_code=USGS&site_no=02110400"
"02110500","WACCAMAW RIVER NEAR LONGS, SC","ST","USGS",-78.71501750,33.91267190,"https://waterdata.usgs.gov/nwis/inventory?agency_code=USGS&site_no=02110500"
"02110550","WACCAMAW RIVER ABOVE CONWAY, SC","ST-TS","USGS",-78.89722220,33.85083330,"https://waterdata.usgs.gov/nwis/inventory?agency_code=USGS&site_no=02110550"
"02110701","CRABTREE SWAMP AT CONWAY, SC","ST","USGS",-79.04114710,33.86100349,"https://waterdata.usgs.gov/nwis/inventory?agency_code=USGS&site_no=02110701"
"02110704","WACCAMAW RIVER AT CONWAY MARINA AT CONWAY, SC","ST","USGS",-79.04364730,33.83294810,"https://waterdata.usgs.gov/nwis/inventory?agency_code=USGS&site_no=02110704"
"02110725","AIW AT HIGHWAY 544 AT SOCASTEE, SC","ST","USGS",-79.00475690,33.68711510,"https://waterdata.usgs.gov/nwis/inventory?agency_code=USGS&site_no=02110725"
"02110777","AIW AT HIGHWAY 9 AT NIXONS CROSSROADS, SC","ST","USGS",-78.65584830,33.85156120,"https://waterdata.usgs.gov/nwis/inventory?agency_code=USGS&site_no=02110777"
"02110802","WACCAMAW RIVER AT BUCKSPORT, SC","ST","USGS",-79.09420639,33.64905837,"https://waterdata.usgs.gov/nwis/inventory?agency_code=USGS&site_no=02110802"
"021108125","WACCAMAW RIVER NEAR PAWLEYS ISLAND, SC","ST","USGS",-79.12698670,33.50655724,"https://waterdata.usgs.gov/nwis/inventory?agency_code=USGS&site_no=021108125"
"02110815","WACCAMAW R NR HAGLEY LAND. NR PAWLEYS ISLAND, SC","ST","USGS",-79.17393410,33.44461245,"https://waterdata.usgs.gov/nwis/inventory?agency_code=USGS&site_no=02110815"
"02130561","PEE DEE RIVER NR BENNETTSVILLE, SC","ST","USGS",-79.78839630,34.60626798,"https://waterdata.usgs.gov/nwis/inventory?agency_code=USGS&site_no=02130561"
"02130810","PEEDEE RIVER NEAR FLORENCE,SC","ST","USGS",-79.63444440,34.30027778,"https://waterdata.usgs.gov/nwis/inventory?agency_code=USGS&site_no=02130810"
"02130840","BLACK CREEK BELOW CHESTERFIELD, SC","ST","USGS",-80.21166670,34.66333330,"https://waterdata.usgs.gov/nwis/inventory?agency_code=USGS&site_no=02130840"
"02130900","BLACK CREEK NEAR MCBEE, SC","ST","USGS",-80.18312440,34.51404244,"https://waterdata.usgs.gov/nwis/inventory?agency_code=USGS&site_no=02130900"
"02130910","BLACK CREEK NEAR HARTSVILLE, SC","ST","USGS",-80.14979100,34.39737618,"https://waterdata.usgs.gov/nwis/inventory?agency_code=USGS&site_no=02130910"
"02130980","BLACK CREEK NEAR QUINBY, SC","ST","USGS",-79.74478330,34.24376518,"https://waterdata.usgs.gov/nwis/inventory?agency_code=USGS&site_no=02130980"
"02131000","PEE DEE RIVER AT PEEDEE, SC","ST","USGS",-79.54838960,34.20432518,"https://waterdata.usgs.gov/nwis/inventory?agency_code=USGS&site_no=02131000"
"02131010","PEE DEE RIVER BELOW PEE DEE, SC","ST","USGS",-79.55339040,34.15738145,"https://waterdata.usgs.gov/nwis/inventory?agency_code=USGS&site_no=02131010"
"021313485","BUFFALO CREEK AT MT PISGAH, SC","ST","USGS",-80.45694440,34.58222220,"https://waterdata.usgs.gov/nwis/inventory?agency_code=USGS&site_no=021313485"
"02131452","LITTLE LYNCHES RIVER ABOVE KERSHAW, SC","ST","USGS",-80.58055560,34.58583330,"https://waterdata.usgs.gov/nwis/inventory?agency_code=USGS&site_no=02131452"
"02131455","LITTLE LYNCHES RIVER NEAR KERSHAW, SC","ST","USGS",-80.54646110,34.55126560,"https://waterdata.usgs.gov/nwis/inventory?agency_code=USGS&site_no=02131455"
"02131472","HANGING ROCK CREEK NR KERSHAW, SC","ST","USGS",-80.58285140,34.51626465,"https://waterdata.usgs.gov/nwis/inventory?agency_code=USGS&site_no=02131472"
"02131500","LYNCHES RIVER NEAR BISHOPVILLE, SC","ST","USGS",-80.21368160,34.25015450,"https://waterdata.usgs.gov/nwis/inventory?agency_code=USGS&site_no=02131500"
"02132000","LYNCHES RIVER AT EFFINGHAM, SC","ST","USGS",-79.75395450,34.05154846,"https://waterdata.usgs.gov/nwis/inventory?agency_code=USGS&site_no=02132000"
"02134900","LUMBER RIVER AT NICHOLS,SC","ST","USGS",-79.13420510,34.22599744,"https://waterdata.usgs.gov/nwis/inventory?agency_code=USGS&site_no=02134900"
"02135000","LITTLE PEE DEE R. AT GALIVANTS FERRY, SC","ST","USGS",-79.24698970,34.05710829,"https://waterdata.usgs.gov/nwis/inventory?agency_code=USGS&site_no=02135000"
"02135200","PEE DEE RIVER AT HWY 701 NR BUCKSPORT, SC","ST","USGS",-79.15448740,33.66100240,"https://waterdata.usgs.gov/nwis/inventory?agency_code=USGS&site_no=02135200"
"02135501","BLACK RIVER AT I-95, NEAR MANNING,SC","ST","USGS",-80.13158330,33.83388889,"https://waterdata.usgs.gov/nwis/inventory?agency_code=USGS&site_no=02135501"
"021355015","TEARCOAT BRANCH AT I-95, NEAR MANNING,SC","ST","USGS",-80.15161110,33.81302778,"https://waterdata.usgs.gov/nwis/inventory?agency_code=USGS&site_no=021355015"
"02136000","BLACK RIVER AT KINGSTREE, SC","ST","USGS",-79.83590448,33.66127545,"https://waterdata.usgs.gov/nwis/inventory?agency_code=USGS&site_no=02136000"
"02136030","BLACK RIVER NEAR ANDREWS,SC","ST","USGS",-79.54561819,33.49044467,"https://waterdata.usgs.gov/nwis/inventory?agency_code=USGS&site_no=02136030"
"02136350","PEEDEE RIVER AT GEORGETOWN S C","ST","USGS",-79.26366170,33.36933396,"https://waterdata.usgs.gov/nwis/inventory?agency_code=USGS&site_no=02136350"
"02136361","TURKEY CREEK NEAR MARYVILLE, SC","ST","USGS",-79.33811020,33.32850037,"https://waterdata.usgs.gov/nwis/inventory?agency_code=USGS&site_no=02136361"
"021457492","ALLISON CREEK AT RD 114 NEAR YORK, SC","ST","USGS",-81.13833330,35.06500000,"https://waterdata.usgs.gov/nwis/inventory?agency_code=USGS&site_no=021457492"
"021459367","BIG DUTCHMAN CREEK AT ROCK HILL, SC","ST","USGS",-81.00833889,34.98680830,"https://waterdata.usgs.gov/nwis/inventory?agency_code=USGS&site_no=021459367"
"02146000","CATAWBA RIVER NEAR ROCK HILL, SC","ST","USGS",-80.97396580,34.98486935,"https://waterdata.usgs.gov/nwis/inventory?agency_code=USGS&site_no=02146000"
"02146110","MANCHESTER CREEK AT ROCK HILL, SC","ST","USGS",-80.97972220,34.94444444,"https://waterdata.usgs.gov/nwis/inventory?agency_code=USGS&site_no=02146110"
"0214676115","MCALPINE CREEK AT SR2964 NR CAMP COX, SC","ST","USGS",-80.89166670,35.04083330,"https://waterdata.usgs.gov/nwis/inventory?agency_code=USGS&site_no=0214676115"
"02146800","SUGAR CREEK NEAR FORT MILL, SC","ST","USGS",-80.90229680,35.00598120,"https://waterdata.usgs.gov/nwis/inventory?agency_code=USGS&site_no=02146800"
"02147020","CATAWBA RIVER BELOW CATAWBA, SC","ST","USGS",-80.87951800,34.83625705,"https://waterdata.usgs.gov/nwis/inventory?agency_code=USGS&site_no=02147020"
"021473415","FISHING CREEK @ HWY 5 BELOW YORK, SC","ST","USGS",-81.18000000,34.97500000,"https://waterdata.usgs.gov/nwis/inventory?agency_code=USGS&site_no=021473415"
"021473426","TOOLS FORK CREEK NEAR ROCK HILL, SC","ST","USGS",-81.10618820,34.95653054,"https://waterdata.usgs.gov/nwis/inventory?agency_code=USGS&site_no=021473426"
"021473428","WILDCAT CREEK BELOW ROCK HILL, SC","ST","USGS",-81.06924600,34.88958670,"https://waterdata.usgs.gov/nwis/inventory?agency_code=USGS&site_no=021473428"
"02147500","ROCKY CREEK AT GREAT FALLS, SC","ST","USGS",-80.91980250,34.56542210,"https://waterdata.usgs.gov/nwis/inventory?agency_code=USGS&site_no=02147500"
"02148000","WATEREE RIVER NR. CAMDEN, SC","ST","USGS",-80.65396970,34.24459385,"https://waterdata.usgs.gov/nwis/inventory?agency_code=USGS&site_no=02148000"
"02153051","GASTON SHOALS RESERVOIR ABOVE BLACKSBURG, SC","LK","USGS",-81.59787230,35.13762807,"https://waterdata.usgs.gov/nwis/inventory?agency_code=USGS&site_no=02153051"
"02153200","BROAD RIVER NEAR BLACKSBURG, SC","ST","USGS",-81.58787199,35.12401728,"https://waterdata.usgs.gov/nwis/inventory?agency_code=USGS&site_no=02153200"
"02153550","NINETYNINE ISLAND RES. BELOW CHEROKEE FALLS, SC","LK","USGS",-81.49342450,35.03179744,"https://waterdata.usgs.gov/nwis/inventory?agency_code=USGS&site_no=02153550"
"02153551","BROAD RIVER BELOW NINETYNINE ISLAND RESERVOIR,SC","ST","USGS",-81.49259100,35.03124190,"https://waterdata.usgs.gov/nwis/inventory?agency_code=USGS&site_no=02153551"
"02153590","KINGS CREEK AT BLACKSBURG, SC","ST","USGS",-81.43647578,35.11846498,"https://waterdata.usgs.gov/nwis/inventory?agency_code=USGS&site_no=02153590"
"02153700","THICKETTY CREEK AT CNTY ROAD 42 NEAR GAFFNEY, SC","ST","USGS",-81.71454440,35.06290450,"https://waterdata.usgs.gov/nwis/inventory?agency_code=USGS&site_no=02153700"
"02154500","NORTH PACOLET RIVER AT FINGERVILLE, SC","ST","USGS",-81.98594030,35.12095166,"https://waterdata.usgs.gov/nwis/inventory?agency_code=USGS&site_no=02154500"
"02154790","SOUTH PACOLET RIVER NR CAMPOBELLO, SC","ST","USGS",-82.12955490,35.10650510,"https://waterdata.usgs.gov/nwis/inventory?agency_code=USGS&site_no=02154790"
"02154950","LAKE WILLIAM C. BOWEN NEAR FINGERVILLE, SC","ST","USGS",-82.04038600,35.11261740,"https://waterdata.usgs.gov/nwis/inventory?agency_code=USGS&site_no=02154950"
"02155500","PACOLET RIVER NEAR FINGERVILLE, SC","ST","USGS",-81.95955070,35.10984144,"https://waterdata.usgs.gov/nwis/inventory?agency_code=USGS&site_no=02155500"
"021556524","LAKE BLALOCK NEAR COWPENS, SC","ST","USGS",-81.86788160,35.05817815,"https://waterdata.usgs.gov/nwis/inventory?agency_code=USGS&site_no=021556524"
"021556525","PACOLET RIVER BELOW LAKE BLALOCK NEAR COWPENS, SC","ST","USGS",-81.85565920,35.04762310,"https://waterdata.usgs.gov/nwis/inventory?agency_code=USGS&site_no=021556525"
"02156300","LAWSONS FORK CREEK AT SPARTANBURG SC","ST","USGS",-81.86871410,34.94818030,"https://waterdata.usgs.gov/nwis/inventory?agency_code=USGS&site_no=02156300"
"02156449","NEAL SHOALS RESERVOIR NEAR CARLISLE, SC","LK","USGS",-81.44898670,34.66430420,"https://waterdata.usgs.gov/nwis/inventory?agency_code=USGS&site_no=02156449"
"021564493","BROAD RIVER BELOW NEAL SHOALS RES. NR CARLISLE,SC","ST","USGS",-81.44722220,34.66305556,"https://waterdata.usgs.gov/nwis/inventory?agency_code=USGS&site_no=021564493"
"02156500","BROAD RIVER NEAR CARLISLE, SC","ST","USGS",-81.42120890,34.59513930,"https://waterdata.usgs.gov/nwis/inventory?agency_code=USGS&site_no=02156500"
"02157470","MIDDLE TYGER RIVER NEAR GRAMLING, SC","ST","USGS",-82.21861110,35.03888889,"https://waterdata.usgs.gov/nwis/inventory?agency_code=USGS&site_no=02157470"
"02157510","MIDDLE TYGER RIVER NEAR LYMAN, SC","ST","USGS",-82.12344210,34.94011870,"https://waterdata.usgs.gov/nwis/inventory?agency_code=USGS&site_no=02157510"
"02158408","SOUTH TYGER RIVER BELOW DUNCAN, SC","ST","USGS",-82.13010900,34.92095239,"https://waterdata.usgs.gov/nwis/inventory?agency_code=USGS&site_no=02158408"
"02160105","TYGER RIVER NEAR DELTA, SC","ST","USGS",-81.54815800,34.53541630,"https://waterdata.usgs.gov/nwis/inventory?agency_code=USGS&site_no=02160105"
"02160325","BRUSHY CREEK NEAR GREENVILLE, SC","ST","USGS",-82.30122780,34.88345068,"https://waterdata.usgs.gov/nwis/inventory?agency_code=USGS&site_no=02160325"
"02160326","ENOREE RIVER AT PELHAM, SC","ST","USGS",-82.22622468,34.85650727,"https://waterdata.usgs.gov/nwis/inventory?agency_code=USGS&site_no=02160326"
"021603273","ROCKY CREEK NEAR WADE HAMPTON,SC","ST","USGS",-82.26833330,34.85611110,"https://waterdata.usgs.gov/nwis/inventory?agency_code=USGS&site_no=021603273"
"02160381","DURBIN CREEK ABOVE FOUNTAIN INN, SC","ST","USGS",-82.17372220,34.71678818,"https://waterdata.usgs.gov/nwis/inventory?agency_code=USGS&site_no=02160381"
"02160390","ENOREE RIVER NEAR WOODRUFF, SC","ST","USGS",-82.03982290,34.68345815,"https://waterdata.usgs.gov/nwis/inventory?agency_code=USGS&site_no=02160390"
"02160700","ENOREE RIVER AT WHITMIRE, SC","ST","USGS",-81.59815940,34.50930390,"https://waterdata.usgs.gov/nwis/inventory?agency_code=USGS&site_no=02160700"
"02160990","PARR SHOALS RESERVOIR AT PARR, SC","ST","USGS",-81.33176360,34.26125835,"https://waterdata.usgs.gov/nwis/inventory?agency_code=USGS&site_no=02160990"
"02160991","BROAD RIVER NEAR JENKINSVILLE, SC","ST","USGS",-81.33037470,34.26070285,"https://waterdata.usgs.gov/nwis/inventory?agency_code=USGS&site_no=02160991"
"02161000","BROAD RIVER AT ALSTON, SC","ST","USGS",-81.31954100,34.24320335,"https://waterdata.usgs.gov/nwis/inventory?agency_code=USGS&site_no=02161000"
"02162035","BROAD RIVER NEAR COLUMBIA, SC","ST","USGS",-81.07333330,34.04833330,"https://waterdata.usgs.gov/nwis/inventory?agency_code=USGS&site_no=02162035"
"02162093","SMITH BRANCH AT NORTH MAIN ST AT COLUMBIA, SC","ST","USGS",-81.04175880,34.02737615,"https://waterdata.usgs.gov/nwis/inventory?agency_code=USGS&site_no=02162093"
"021622845","SOUTH SALUDA RIVER NEAR ROCKY BOTTOM,SC","ST","USGS",-82.70500000,35.06083330,"https://waterdata.usgs.gov/nwis/inventory?agency_code=USGS&site_no=021622845"
"021622847","SLICKING CREEK NEAR ROCKY BOTTOM,SC","ST","USGS",-82.69805560,35.06777778,"https://waterdata.usgs.gov/nwis/inventory?agency_code=USGS&site_no=021622847"
"02162285","TABLE ROCK RESERVOIR NR CLEVELAND, SC","LK","USGS",-82.67250000,35.06416667,"https://waterdata.usgs.gov/nwis/inventory?agency_code=USGS&site_no=02162285"
"02162287","TABLE ROCK RESERVOIR TAILRACE NR CLEVELAND, SC","ST","USGS",-82.66972220,35.06222220,"https://waterdata.usgs.gov/nwis/inventory?agency_code=USGS&site_no=02162287"
"02162290","SOUTH SALUDA RIVER NEAR CLEVELAND, SC","ST","USGS",-82.65012800,35.06345088,"https://waterdata.usgs.gov/nwis/inventory?agency_code=USGS&site_no=02162290"
"02162350","MIDDLE SALUDA RIVER NEAR CLEVELAND, SC","ST","USGS",-82.53762300,35.12011720,"https://waterdata.usgs.gov/nwis/inventory?agency_code=USGS&site_no=02162350"
"021623950","NORTH SALUDA RIVER NEAR HIGHLAND,SC","ST","USGS",-82.36472220,35.16722220,"https://waterdata.usgs.gov/nwis/inventory?agency_code=USGS&site_no=021623950"
"021623957","BIG FALLS CREEK NEAR TIGERVILLE,SC","ST","USGS",-82.40277780,35.17000000,"https://waterdata.usgs.gov/nwis/inventory?agency_code=USGS&site_no=021623957"
"021623961","NORTH SALUDA RESERVOIR NEAR TIGERVILLE,SC","LK","USGS",-82.40861110,35.14166667,"https://waterdata.usgs.gov/nwis/inventory?agency_code=USGS&site_no=021623961"
"021623975","NORTH SALUDA RIVER ABOVE SLATER,SC","ST","USGS",-82.46000000,35.08388889,"https://waterdata.usgs.gov/nwis/inventory?agency_code=USGS&site_no=021623975"
"02162500","SALUDA RIVER NEAR GREENVILLE, SC","ST","USGS",-82.48068140,34.84233977,"https://waterdata.usgs.gov/nwis/inventory?agency_code=USGS&site_no=02162500"
"02163001","SALUDA RIVER NEAR WILLIAMSTON, SC","ST","USGS",-82.44401468,34.61483660,"https://waterdata.usgs.gov/nwis/inventory?agency_code=USGS&site_no=02163001"
"02163500","SALUDA RIVER NEAR WARE SHOALS, SC","ST","USGS",-82.22345068,34.39178518,"https://waterdata.usgs.gov/nwis/inventory?agency_code=USGS&site_no=02163500"
"02164000","REEDY RIVER NEAR GREENVILLE, SC","ST","USGS",-82.36512130,34.80011830,"https://waterdata.usgs.gov/nwis/inventory?agency_code=USGS&site_no=02164000"
"02164110","REEDY RIVER ABOVE FORK SHOALS, SC","ST","USGS",-82.29761860,34.65289568,"https://waterdata.usgs.gov/nwis/inventory?agency_code=USGS&site_no=02164110"
"021650905","REEDY RIVER NEAR WATERLOO, SC","ST","USGS",-82.13944440,34.39138889,"https://waterdata.usgs.gov/nwis/inventory?agency_code=USGS&site_no=021650905"
"02165200","SOUTH RABON CREEK NEAR GRAY COURT, SC","ST","USGS",-82.15705140,34.52011957,"https://waterdata.usgs.gov/nwis/inventory?agency_code=USGS&site_no=02165200"
"021652801","NORTH RABON CREEK NEAR HICKORY TAVERN, SC","ST","USGS",-82.13833330,34.52500000,"https://waterdata.usgs.gov/nwis/inventory?agency_code=USGS&site_no=021652801"
"02166500","LAKE GREENWOOD NEAR CHAPPELLS, SC","ST","USGS",-81.90817000,34.16901923,"https://waterdata.usgs.gov/nwis/inventory?agency_code=USGS&site_no=02166500"
"02166501","LAKE GREENWOOD TAILRACE NR CHAPPELLS, SC","ST","USGS",-81.90789230,34.16763036,"https://waterdata.usgs.gov/nwis/inventory?agency_code=USGS&site_no=02166501"
"02167000","SALUDA RIVER AT CHAPPELLS, SC","ST","USGS",-81.86400200,34.17457619,"https://waterdata.usgs.gov/nwis/inventory?agency_code=USGS&site_no=02167000"
"02167450","LITTLE RIVER NR SILVERSTREET, SC","ST","USGS",-81.76316590,34.20957949,"https://waterdata.usgs.gov/nwis/inventory?agency_code=USGS&site_no=02167450"
"02167582","BUSH RIVER NR PROSPERITY, SC","ST","USGS",-81.61038399,34.16875010,"https://waterdata.usgs.gov/nwis/inventory?agency_code=USGS&site_no=02167582"
"02167705","LITTLE SALUDA RIVER NEAR SALUDA, SC","ST","USGS",-81.69705100,34.04458079,"https://waterdata.usgs.gov/nwis/inventory?agency_code=USGS&site_no=02167705"
"02168500","LAKE MURRAY NEAR COLUMBIA, SC","ST","USGS",-81.22065329,34.05209300,"https://waterdata.usgs.gov/nwis/inventory?agency_code=USGS&site_no=02168500"
"02168501","LAKE MURRAY TAILRACE NEAR COLUMBIA, SC","ST","USGS",-81.21676420,34.05348200,"https://waterdata.usgs.gov/nwis/inventory?agency_code=USGS&site_no=02168501"
"02168504","SALUDA RIVER BELOW LK MURRAY DAM NR COLUMBIA, SC","ST","USGS",-81.20954180,34.05098220,"https://waterdata.usgs.gov/nwis/inventory?agency_code=USGS&site_no=02168504"
"02168900","SALUDA RIVER AT I-20, NEAR COLUMBIA,SC","ST","USGS",-81.12787290,34.02598460,"https://waterdata.usgs.gov/nwis/inventory?agency_code=USGS&site_no=02168900"
"02169000","SALUDA RIVER NEAR COLUMBIA, SC","ST","USGS",-81.08787170,34.01404160,"https://waterdata.usgs.gov/nwis/inventory?agency_code=USGS&site_no=02169000"
"02169500","CONGAREE RIVER AT COLUMBIA, SC","ST","USGS",-81.04981500,33.99320985,"https://waterdata.usgs.gov/nwis/inventory?agency_code=USGS&site_no=02169500"
"02169506","ROCKY BRANCH @ WHALEY ST. AT COLUMBIA, SC","ST","USGS",-81.02750000,33.98750000,"https://waterdata.usgs.gov/nwis/inventory?agency_code=USGS&site_no=02169506"
"02169568","PEN BRANCH AT COLUMBIA, SC","ST","USGS",-80.98203500,34.01293324,"https://waterdata.usgs.gov/nwis/inventory?agency_code=USGS&site_no=02169568"
"02169570","GILLS CREEK AT COLUMBIA, SC","ST","USGS",-80.97425730,33.98960016,"https://waterdata.usgs.gov/nwis/inventory?agency_code=USGS&site_no=02169570"
"02169625","CONGAREE RIVER AT CONGAREE NP NEAR GADSDEN, SC","ST","USGS",-80.86703480,33.81071000,"https://waterdata.usgs.gov/nwis/inventory?agency_code=USGS&site_no=02169625"
"02169672","CEDAR CREEK AT CONGAREE NP NEAR GADSDEN, SC","ST","USGS",-80.82731210,33.81626536,"https://waterdata.usgs.gov/nwis/inventory?agency_code=USGS&site_no=02169672"
"02169810","SANTEE R AT TREZESVANTS LANDING NR FT MOTTE, SC","ST","USGS",-80.62842090,33.73126819,"https://waterdata.usgs.gov/nwis/inventory?agency_code=USGS&site_no=02169810"
"02169921","LAKE MARION NEAR ELLOREE, SC","LK","USGS",-80.50425290,33.55210719,"https://waterdata.usgs.gov/nwis/inventory?agency_code=USGS&site_no=02169921"
"02171000","LAKE MARION NEAR PINEVILLE, SC","ST","USGS",-80.16369490,33.45016520,"https://waterdata.usgs.gov/nwis/inventory?agency_code=USGS&site_no=02171000"
"02171001","SANTEE RIVER @ LK MARION TAILRACE NR PINEVILLE, SC","ST","USGS",-80.16369490,33.45016520,"https://waterdata.usgs.gov/nwis/inventory?agency_code=USGS&site_no=02171001"
"02171500","SANTEE RIVER NEAR PINEVILLE, SC","ST","USGS",-80.14147189,33.45433217,"https://waterdata.usgs.gov/nwis/inventory?agency_code=USGS&site_no=02171500"
"02171635","LK MOULTRIE AT REDIVERSION NR RUSSELLVILLE, SC","LK","USGS",-79.99750000,33.39888889,"https://waterdata.usgs.gov/nwis/inventory?agency_code=USGS&site_no=02171635"
"02171645","REDIV CANAL AT SANTEE RIVER NR ST STEPHEN, SC","ST","USGS",-79.91500000,33.42750000,"https://waterdata.usgs.gov/nwis/inventory?agency_code=USGS&site_no=02171645"
"02171700","SANTEE RIVER NR JAMESTOWN, SC","ST","USGS",-79.67812630,33.30488930,"https://waterdata.usgs.gov/nwis/inventory?agency_code=USGS&site_no=02171700"
"02171800","NORTH SANTEE RIVER NR NORTH SANTEE, SC","ES","USGS",-79.38255800,33.20850056,"https://waterdata.usgs.gov/nwis/inventory?agency_code=USGS&site_no=02171800"
"02171850","SOUTH SANTEE RIVER NR MCCLELLANVILLE, SC","ES","USGS",-79.40589290,33.18405650,"https://waterdata.usgs.gov/nwis/inventory?agency_code=USGS&site_no=02171850"
"02171905","S. SANTEE R @ STATE PIER NR MCCLELLANVILLE, SC","ST","USGS",-79.35422370,33.15433435,"https://waterdata.usgs.gov/nwis/inventory?agency_code=USGS&site_no=02171905"
"02172000","LAKE MOULTRIE NEAR PINOPOLIS, SC","LK","USGS",-79.99146900,33.24461337,"https://waterdata.usgs.gov/nwis/inventory?agency_code=USGS&site_no=02172000"
"02172001","LAKE MOULTRIE NEAR PINOPOLIS, SC (TAILRACE)","LK","USGS",-79.99146900,33.24461337,"https://waterdata.usgs.gov/nwis/inventory?agency_code=USGS&site_no=02172001"
"02172002","LAKE MOULTRIE TAILRACE CANAL AT MONCKS CORNER, SC","ST","USGS",-79.97452480,33.21516925,"https://waterdata.usgs.gov/nwis/inventory?agency_code=USGS&site_no=02172002"
"02172020","W BRANCH COOPER R @ PIMLICO NR MONCKS CORNER, SC","ST","USGS",-79.94897080,33.09350420,"https://waterdata.usgs.gov/nwis/inventory?agency_code=USGS&site_no=02172020"
"02172035","TURKEY CREEK ABOVE HUGER, SC","ST","USGS",-79.78368870,33.13155840,"https://waterdata.usgs.gov/nwis/inventory?agency_code=USGS&site_no=02172035"
"02172040","BACK RIVER AT DUPONT INTAKE NR KITTREDGE, SC","ST","USGS",-79.95702700,33.06378245,"https://waterdata.usgs.gov/nwis/inventory?agency_code=USGS&site_no=02172040"
"02172050","COOPER R NR GOOSE CREEK, SC","ES","USGS",-79.93619338,33.05767134,"https://waterdata.usgs.gov/nwis/inventory?agency_code=USGS&site_no=02172050"
"021720508","COOPER RIVER ABOVE GOOSE CREEK,SC","OC-CO","USGS",-79.90675000,33.01577778,"https://waterdata.usgs.gov/nwis/inventory?agency_code=USGS&site_no=021720508"
"02172053","COOPER R AT MOBAY NR N CHARLESTON, SC","ST","USGS",-79.92286120,32.98350580,"https://waterdata.usgs.gov/nwis/inventory?agency_code=USGS&site_no=02172053"
"021720677","COOPER RIVER @ FILBIN CREEK @ NORTH CHARLESTON, SC","ST","USGS",-79.96286450,32.89045228,"https://waterdata.usgs.gov/nwis/inventory?agency_code=USGS&site_no=021720677"
"0217206935","COOPER RVR @ PORTS AUTHORITY PIER K, CHARLESTON SC","OC-CO","USGS",-79.95266670,32.85569444,"https://waterdata.usgs.gov/nwis/inventory?agency_code=USGS&site_no=0217206935"
"0217206962","WANDO RIVER AT CAINHOY BELOW WANDO,SC","OC-CO","USGS",-79.83269440,32.92427778,"https://waterdata.usgs.gov/nwis/inventory?agency_code=USGS&site_no=0217206962"
"021720698","WANDO RIVER ABOVE MT PLEASANT, SC","ES","USGS",-79.89619630,32.85906380,"https://waterdata.usgs.gov/nwis/inventory?agency_code=USGS&site_no=021720698"
"021720709","COOPER RIVER AT U.S. HWY 17 AT CHARLESTON, SC","ST","USGS",-79.91008690,32.80239835,"https://waterdata.usgs.gov/nwis/inventory?agency_code=USGS&site_no=021720709"
"021720710","COOPER RVR @ CUSTOMS HOUSE (AUX) @ CHARLESTON, SC","ST","USGS",-79.92369900,32.78045440,"https://waterdata.usgs.gov/nwis/inventory?agency_code=USGS&site_no=021720710"
"021720711","COOPER RIVER AT CUSTOMS HOUSE AT CHARLESTON, SC","ST","USGS",-79.92369900,32.78045440,"https://waterdata.usgs.gov/nwis/inventory?agency_code=USGS&site_no=021720711"
"021720825","ASHLEY RIVER BELOW SUMMERVILLE, SC","OC-CO","USGS",-80.15166670,32.92583333,"https://waterdata.usgs.gov/nwis/inventory?agency_code=USGS&site_no=021720825"
"021720869","ASHLEY RIVER NEAR NORTH CHARLESTON, SC","ES","USGS",-80.02370140,32.83462010,"https://waterdata.usgs.gov/nwis/inventory?agency_code=USGS&site_no=021720869"
"02172300","MCTIER CREEK (RD 209) NEAR MONETTA, SC","ST","USGS",-81.60177140,33.75347736,"https://waterdata.usgs.gov/nwis/inventory?agency_code=USGS&site_no=02172300"
"02172558","SOUTH FORK EDISTO RIVER ABOVE SPRINGFIELD,SC","ST","USGS",-81.41027780,33.52027778,"https://waterdata.usgs.gov/nwis/inventory?agency_code=USGS&site_no=02172558"
"02173000","SOUTH FORK EDISTO RIVER NEAR DENMARK, SC","ST","USGS",-81.13315590,33.39320916,"https://waterdata.usgs.gov/nwis/inventory?agency_code=USGS&site_no=02173000"
"02173030","SOUTH FORK EDISTO RIVER NEAR COPE, SC","ST","USGS",-81.05954250,33.35904420,"https://waterdata.usgs.gov/nwis/inventory?agency_code=USGS&site_no=02173030"
"02173051","SOUTH FORK EDISTO RIVER NEAR BAMBERG, SC","ST","USGS",-81.01870800,33.33710079,"https://waterdata.usgs.gov/nwis/inventory?agency_code=USGS&site_no=02173051"
"02173212","CEDAR CREEK NEAR THOR, SC","ST","USGS",-81.25416670,33.69000000,"https://waterdata.usgs.gov/nwis/inventory?agency_code=USGS&site_no=02173212"
"02173500","NORTH FORK EDISTO RIVER AT ORANGEBURG, SC","ST","USGS",-80.87342578,33.48348715,"https://waterdata.usgs.gov/nwis/inventory?agency_code=USGS&site_no=02173500"
"02174045","EDISTO RIVER AT I-95, ABOVE CANADYS,SC","ST","USGS",-80.64972220,33.09027778,"https://waterdata.usgs.gov/nwis/inventory?agency_code=USGS&site_no=02174045"
"02175000","EDISTO RIVER NR GIVHANS, SC","ST","USGS",-80.39148760,33.02794645,"https://waterdata.usgs.gov/nwis/inventory?agency_code=USGS&site_no=02175000"
"02175500","SALKEHATCHIE RIVER NEAR MILEY, SC","ST","USGS",-81.05260440,32.98904958,"https://waterdata.usgs.gov/nwis/inventory?agency_code=USGS&site_no=02175500"
"02176500","COOSAWHATCHIE RIVER NEAR HAMPTON, SC","ST","USGS",-81.13177180,32.83627770,"https://waterdata.usgs.gov/nwis/inventory?agency_code=USGS&site_no=02176500"
"02177000","CHATTOOGA RIVER NEAR CLAYTON, GA","ST","USGS",-83.30599300,34.81398140,"https://waterdata.usgs.gov/nwis/inventory?agency_code=USGS&site_no=02177000"
"02186000","TWELVEMILE CREEK NEAR LIBERTY, SC","ST","USGS",-82.74847250,34.80150120,"https://waterdata.usgs.gov/nwis/inventory?agency_code=USGS&site_no=02186000"
"02186702","EIGHTEENMILE CREEK BELOW PENDLETON,SC","ST","USGS",-82.80055560,34.64500000,"https://waterdata.usgs.gov/nwis/inventory?agency_code=USGS&site_no=02186702"
"02187010","HARTWELL LAKE NEAR ANDERSON, SC","LK","USGS",-82.85527780,34.50833330,"https://waterdata.usgs.gov/nwis/inventory?agency_code=USGS&site_no=02187010"
"02187910","ROCKY RIVER NR STARR, SC","ST","USGS",-82.57735200,34.38316394,"https://waterdata.usgs.gov/nwis/inventory?agency_code=USGS&site_no=02187910"
"02188100","RUSSELL LAKE ABOVE CALHOUN FALLS, SC","LK","USGS",-82.61805560,34.10111110,"https://waterdata.usgs.gov/nwis/inventory?agency_code=USGS&site_no=02188100"
"02192500","LITTLE RIVER NEAR MT. CARMEL, SC","ST","USGS",-82.50068530,34.07150595,"https://waterdata.usgs.gov/nwis/inventory?agency_code=USGS&site_no=02192500"
"02193900","THURMOND LAKE NEAR PLUM BRANCH, SC","LK","USGS",-82.34500000,33.84166667,"https://waterdata.usgs.gov/nwis/inventory?agency_code=USGS&site_no=02193900"
"02195520","SAVANNAH RIVER NEAR EVANS, GA","ST","USGS",-82.12317459,33.59291180,"https://waterdata.usgs.gov/nwis/inventory?agency_code=USGS&site_no=02195520"
"02196000","STEVENS CREEK NEAR MODOC, SC","ST","USGS",-82.18178730,33.72929717,"https://waterdata.usgs.gov/nwis/inventory?agency_code=USGS&site_no=02196000"
"02196483","SAVANNAH RVR AT STEVENS CREEK DAM NR MORGANA, SC","LK","USGS",-82.05095060,33.56291240,"https://waterdata.usgs.gov/nwis/inventory?agency_code=USGS&site_no=02196483"
"02196485","AUGUSTA CANAL NR AUGUSTA, GA (UPPER)","ST","USGS",-82.03678360,33.54930154,"https://waterdata.usgs.gov/nwis/inventory?agency_code=USGS&site_no=02196485"
"02196690","HORSE CREEK AT CLEARWATER, SC","ST","USGS",-81.90761399,33.47819280,"https://waterdata.usgs.gov/nwis/inventory?agency_code=USGS&site_no=02196690"
"02196999","SAVANNAH RV ABOVE NEW SAV. LOCK AND DAM","LK","USGS",-81.94205990,33.37319627,"https://waterdata.usgs.gov/nwis/inventory?agency_code=USGS&site_no=02196999"
"02197000","SAVANNAH RIVER AT AUGUSTA, GA","ST","USGS",-81.94289329,33.37375180,"https://waterdata.usgs.gov/nwis/inventory?agency_code=USGS&site_no=02197000"
"02197300","UPPER THREE RUNS NEAR NEW ELLENTON, SC","ST","USGS",-81.61649800,33.38486640,"https://waterdata.usgs.gov/nwis/inventory?agency_code=USGS&site_no=02197300"
"02197500","SAVANNAH R AT BURTONS FERRY BR NR MILLHAVEN, GA","ST","USGS",-81.50260780,32.93904727,"https://waterdata.usgs.gov/nwis/inventory?agency_code=USGS&site_no=02197500"
"02198375","SAVANNAH RIVER NEAR ESTILL, SC","ST","USGS",-81.42833330,32.70333333,"https://waterdata.usgs.gov/nwis/inventory?agency_code=USGS&site_no=02198375"
"02198500","SAVANNAH RIVER NEAR CLYO, GA","ST","USGS",-81.26871649,32.52823709,"https://waterdata.usgs.gov/nwis/inventory?agency_code=USGS&site_no=02198500"
"02198760","SAVANNAH RIVER ABOVE HARDEEVILLE, SC","ST","USGS",-81.12844379,32.33936049,"https://waterdata.usgs.gov/nwis/inventory?agency_code=USGS&site_no=02198760"
"021989784","L BACK RIVER ABOVE LUCKNOW CANAL, NR LIMEHOUSE, SC","ST","USGS",-81.11789000,32.18575747,"https://waterdata.usgs.gov/nwis/inventory?agency_code=USGS&site_no=021989784"
"021989791","LITTLE BACK RIVER AT F&W DOCK, NEAR LIMEHOUSE, SC","ES","USGS",-81.11816770,32.17075820,"https://waterdata.usgs.gov/nwis/inventory?agency_code=USGS&site_no=021989791"
"0219897993","SAVANNAH RIVER AT ELBA ISLAND, NEAR SAVANNAH, GA","ST","USGS",-81.00694440,32.10305556,"https://waterdata.usgs.gov/nwis/inventory?agency_code=USGS&site_no=0219897993"
"330428079214800","SKRINE CREEK NEAR MCCLELLENVILLE,SC","OC-CO","USGS",-79.36333330,33.07444444,"https://waterdata.usgs.gov/nwis/inventory?agency_code=USGS&site_no=330428079214800"
